{
  "total_profit": 0.000586704757050029,
  "sharpe": 0.9576650792572367,
  "sortino": 1.149198095108684,
  "calmar": 0.000586704757050029,
  "max_dd": -0.012816018171435406,
  "win_rate": 42.10526315789473,
  "profit_factor": 0.4128427934864119,
  "avg_trade": 3.0879197739475205e-05,
  "trades": 19,
  "exposure": 50.0,
  "pnl_std": 0.0
}