{
  "total_profit": -0.011953221755848063,
  "sharpe": -1.8678041693665888,
  "sortino": -2.2413650032399066,
  "calmar": 0.011953221755848063,
  "max_dd": -0.12803902927498445,
  "win_rate": 40.0,
  "profit_factor": 0.3852858173684737,
  "avg_trade": -0.0005976610877924031,
  "trades": 20,
  "exposure": 50.0,
  "pnl_std": 0.0
}