{
  "total_profit": 0.002933523785413854,
  "sharpe": 0.9626279940414757,
  "sortino": 1.1551535928497707,
  "calmar": 0.002933523785413854,
  "max_dd": -0.0640480840269908,
  "win_rate": 42.10526315789473,
  "profit_factor": 0.4128427934864119,
  "avg_trade": 0.0001543959887059923,
  "trades": 19,
  "exposure": 50.0,
  "pnl_std": 0.0
}