{
  "run_id": "383fe215-65f4-485b-b841-6e9aa8ca9a64",
  "timestamp": 1762015342606,
  "initial_equity": 9996.107066658493,
  "final_equity": 9996.095493630835,
  "total_pnl": -0.011962048655002036,
  "total_pnl_pct": -0.00011577534714595298,
  "realized_pnl": 0.0,
  "unrealized_pnl": -0.011962048655002036,
  "max_drawdown_pct": -0.00016249345827697755,
  "sharpe_ratio": -3.731161504569234,
  "volatility_annual": 0.00021704644681391804,
  "total_trades": 7,
  "winning_trades": 0,
  "losing_trades": 7,
  "win_rate": 0.0,
  "num_positions_final": 1,
  "risk_violations": 0,
  "kill_switch_activated": false,
  "session_high_equity": 10000.0
}