{
  "total_profit": -3.23139932377826,
  "sharpe": -3.5892690064587947,
  "sortino": -4.307122807750553,
  "calmar": 0.9424151218962569,
  "max_dd": -3.42884918620181,
  "win_rate": 32.55813953488372,
  "profit_factor": 0.34287737482090147,
  "avg_trade": -0.006262401790267946,
  "trades": 516,
  "exposure": 50.0,
  "pnl_std": 0.0
}