{
  "total_profit": -8.790435136708421,
  "sharpe": -8.126448804461955,
  "sortino": -9.751738565354346,
  "calmar": 0.8231360984141792,
  "max_dd": -10.679200139130963,
  "win_rate": 32.958333333333336,
  "profit_factor": 0.3390816469587788,
  "avg_trade": -0.003662681306961842,
  "trades": 2400,
  "exposure": 50.0,
  "pnl_std": 0.0
}