{
  "total_profit": 0.007737304438614956,
  "sharpe": 2.629648732859256,
  "sortino": 3.155578479431107,
  "calmar": 0.007737304438614956,
  "max_dd": -0.06404500936609825,
  "win_rate": 41.17647058823529,
  "profit_factor": 0.4244027932359888,
  "avg_trade": 0.0004551355552126445,
  "trades": 17,
  "exposure": 50.0,
  "pnl_std": 0.0
}